Feature,Bot_Mean,Human_Mean,t_stat,t_pval,KS_stat,KS_pval,Cohens_d,Effect
Vocabulary Richness,0.9142782819525311,0.9424393209271613,-20.48725239346566,1.883179648603955e-92,0.12583688753741074,1.4111005506997705e-79,-0.27060928537933704,small
Sentence Length,13.724572172619048,11.132062317961301,21.450379278706937,4.463465920984486e-101,0.09888700881496171,3.0369160680714643e-49,0.2833309072512809,small
Word Length,4.129525944595873,4.411292900227885,-20.67110736339313,4.5468620933714236e-94,0.15636787491344284,7.160426739130493e-123,-0.27303776437056626,small
Function Word Frequency,0.48108896316133404,0.4191011594141113,27.47915183693692,1.3895817015210146e-163,0.1725095097328826,1.2456630427575436e-149,0.36296295367530684,small
Capitalization Abnormality,0.0928565660430106,0.1296101356046132,-14.951339305180035,2.6357320758068503e-50,0.04782699286213077,7.821965018687468e-12,-0.19748725534954048,negligible
