Classifier,Accuracy,Precision,Recall,F1,CV_Mean,CV_Std
Logistic Regression,0.5754290876242095,0.5763078253350626,0.5969547693685625,0.5864496260448746,0.5783498330678567,0.00649411247612799
SVM (Linear),0.583107497741644,0.5825159914712154,0.6117330944917152,0.5967671472258628,0.5860292219353158,0.006750048072283541
SVM (RBF),0.5925925925925926,0.595460614152203,0.5991939095387371,0.5973214285714286,0.607091566390708,0.009067699669987576
Random Forest,0.5957542908762421,0.6010953902327705,0.5897895208240036,0.5953887884267631,0.5996942647004653,0.007645323578596
Neural Network,0.6009485094850948,0.5874624624624625,0.7008508732646663,0.639166836838881,0.6036471687393191,0.008720403211903057
Gradient Boosting,0.6045618789521229,0.6043290043290044,0.6251679355127631,0.6145718688091569,0.6094068977570323,0.007728700138690911
Naive Bayes,0.564137308039747,0.5918738629472408,0.43708016121809223,0.502833590932509,0.5682985837756659,0.005058314036595932
K-Nearest Neighbors,0.5783649503161699,0.5814781834372217,0.5848634124496194,0.5831658852422416,0.5899257563771396,0.0056226355845797535
